{
  "dataSpaceEcosystem": "CircThread",
  "myId": {
    "connectorManagerId": "<REPLACE_WITH_ORG_UNIQUE_ID>",
    "connectorId": "https://circthread.com/ids/connector/id/<REPLACE_WITH_ORG_UNIQUE_ID>",
    "connectorIdsEndpoint": "https://<REPLACE_DNS>:8080/<REPLACE_WITH_ORG_UNIQUE_ID>/api/ids/data",
    "connectorLocalEndpoint": "https://<REPLACE_DNS>:8080/<REPLACE_WITH_ORG_UNIQUE_ID>"
  },
  "localMembers": [
    {
      "id"  : "<REPLACE_WITH_ORG_UNIQUE_ID>",
      "uri" : "https://circthread.com/ids/connector/id/<REPLACE_WITH_ORG_UNIQUE_ID>"
    }
  ]
}